country,year,deaths_per_100k,gov_health_spending_usd
Afghanistan,2002,57,0.833
Afghanistan,2003,58,1.25
Afghanistan,2004,52,1.61
Afghanistan,2005,47,2.52
Afghanistan,2006,43,2.81
Afghanistan,2007,39,3.5
Afghanistan,2008,41,3.75
Afghanistan,2009,45,3.91
Afghanistan,2010,43,4.39
Angola,2000,87,12.5
Angola,2001,91,18.3
Angola,2002,78,14.3
Angola,2003,73,19.4
Angola,2004,86,19.7
Angola,2005,95,27.1
Angola,2006,74,50.9
Angola,2007,91,68.4
Angola,2008,99,126
Angola,2009,99,181
Angola,2010,107,102
Albania,2000,0.74,27.2
Albania,2001,0.66,30.5
Albania,2002,0.64,32.5
Albania,2003,0.62,40.6
Albania,2004,0.86,63.9
Albania,2005,0.41,71.4
Albania,2006,0.38,75.5
Albania,2007,0.56,88.8
Albania,2008,0.57,109
Albania,2009,0.21,107
Albania,2010,0.35,94
Andorra,2000,1.7,862
Andorra,2001,1.4,890
Andorra,2002,0.67,1020
Andorra,2003,1.4,1300
Andorra,2004,0.87,1520
Andorra,2005,1.2,1630
Andorra,2006,1.4,1850
Andorra,2007,0.57,2100
Andorra,2008,0.45,2370
Andorra,2009,0.9,2360
Andorra,2010,0.78,2170
UAE,2000,0.68,577
UAE,2001,0.67,638
UAE,2002,0.67,578
UAE,2003,0.67,611
UAE,2004,0.67,588
UAE,2005,0.66,608
UAE,2006,1.1,659
UAE,2007,0.73,718
UAE,2008,0.83,1010
UAE,2009,0.74,1310
UAE,2010,0.68,1080
Argentina,2000,2.9,382
Argentina,2001,2.7,367
Argentina,2002,2.7,121
Argentina,2003,2.5,148
Argentina,2004,2.3,174
Argentina,2005,2.3,217
Argentina,2006,2.2,259
Argentina,2007,2.2,334
Argentina,2008,2,437
Argentina,2009,2,488
Argentina,2010,1.7,405
Armenia,2000,5.6,7.07
Armenia,2001,5.3,11
Armenia,2002,6.1,10.6
Armenia,2003,5.7,13.9
Armenia,2004,6.1,16.3
Armenia,2005,6.7,23.6
Armenia,2006,7,33
Armenia,2007,7.2,48.3
Armenia,2008,6.9,63.5
Armenia,2009,6,56
Armenia,2010,5.9,54.2
Antigua and Barbuda,2000,1.3,281
Antigua and Barbuda,2001,1.3,266
Antigua and Barbuda,2002,1.3,267
Antigua and Barbuda,2003,1.3,279
Antigua and Barbuda,2004,1.1,291
Antigua and Barbuda,2005,1.9,305
Antigua and Barbuda,2006,2,351
Antigua and Barbuda,2007,1.3,397
Antigua and Barbuda,2008,1.2,409
Antigua and Barbuda,2009,1.6,403
Antigua and Barbuda,2010,2.9,490
Australia,2000,0.38,1150
Australia,2001,0.52,1080
Australia,2002,0.42,1240
Australia,2003,0.33,1540
Australia,2004,0.38,1920
Australia,2005,0.35,2100
Australia,2006,0.34,2220
Australia,2007,0.28,2670
Australia,2008,0.34,2880
Australia,2009,0.3,2680
Australia,2010,0.28,3250
Austria,2000,1.1,1820
Austria,2001,0.85,1820
Austria,2002,0.97,1950
Austria,2003,0.68,2410
Austria,2004,0.66,2790
Austria,2005,0.75,2920
Austria,2006,0.76,3040
Austria,2007,0.63,3520
Austria,2008,0.65,3980
Austria,2009,0.63,3910
Austria,2010,0.51,3840
Azerbaijan,2000,19,5.64
Azerbaijan,2001,18,5.9
Azerbaijan,2002,16,5.96
Azerbaijan,2003,15,7.21
Azerbaijan,2004,12,10.5
Azerbaijan,2005,9.8,13.6
Azerbaijan,2006,7.3,20.8
Azerbaijan,2007,4.7,36.7
Azerbaijan,2008,6.5,45
Azerbaijan,2009,8.3,65.4
Azerbaijan,2010,9,67.3
Burundi,2000,116,2.01
Burundi,2001,101,2.3
Burundi,2002,89,2.01
Burundi,2003,75,1.65
Burundi,2004,66,3.44
Burundi,2005,60,4.67
Burundi,2006,58,6.17
Burundi,2007,52,6.65
Burundi,2008,44,6.81
Burundi,2009,38,6.72
Burundi,2010,33,7.91
Belgium,2000,1.2,1380
Belgium,2001,1.2,1410
Belgium,2002,0.98,1530
Belgium,2003,1.1,2250
Belgium,2004,0.88,2680
Belgium,2005,0.99,2750
Belgium,2006,0.71,2690
Belgium,2007,0.93,3070
Belgium,2008,0.85,3560
Belgium,2009,0.64,3570
Belgium,2010,0.69,3450
Benin,2000,25,6.94
Benin,2001,24,8.58
Benin,2002,22,7.64
Benin,2003,20,11
Benin,2004,19,11.9
Benin,2005,17,13.4
Benin,2006,15,14.3
Benin,2007,15,16
Benin,2008,14,17
Benin,2009,14,18
Benin,2010,15,15
Burkina Faso,2000,28,4.32
Burkina Faso,2001,26,4.11
Burkina Faso,2002,25,5.56
Burkina Faso,2003,24,8.17
Burkina Faso,2004,22,12.2
Burkina Faso,2005,20,15.8
Burkina Faso,2006,20,14.9
Burkina Faso,2007,20,18
Burkina Faso,2008,17,21.6
Burkina Faso,2009,15,19.3
Burkina Faso,2010,15,20.3
Bangladesh,2000,71,24.2
Bangladesh,2001,72,27.1
Bangladesh,2002,70,29.4
Bangladesh,2003,69,30.4
Bangladesh,2004,66,33.7
Bangladesh,2005,60,37.4
Bangladesh,2006,54,43
Bangladesh,2007,54,47.4
Bangladesh,2008,53,49.1
Bangladesh,2009,51,53.1
Bangladesh,2010,53,58
Bulgaria,2000,4.4,59.5
Bulgaria,2001,4,75.5
Bulgaria,2002,3.9,94.3
Bulgaria,2003,3.8,125
Bulgaria,2004,3.7,145
Bulgaria,2005,3.7,167
Bulgaria,2006,3.7,169
Bulgaria,2007,3.8,218
Bulgaria,2008,3.3,278
Bulgaria,2009,2.8,256
Bulgaria,2010,2.8,237
Bahrain,2000,2.7,336
Bahrain,2001,1.8,354
Bahrain,2002,1.7,386
Bahrain,2003,0.43,428
Bahrain,2004,1.4,444
Bahrain,2005,1.2,475
Bahrain,2006,0.58,485
Bahrain,2007,1.1,513
Bahrain,2008,0.86,565
Bahrain,2009,0.83,540
Bahrain,2010,0.94,634
Bahamas,2000,6.3,523
Bahamas,2001,4.4,524
Bahamas,2002,3,556
Bahamas,2003,2,582
Bahamas,2004,3.8,633
Bahamas,2005,2.6,635
Bahamas,2006,2.7,804
Bahamas,2007,1.7,805
Bahamas,2008,2.4,829
Bahamas,2009,1.5,815
Bahamas,2010,1.5,791
Bosnia and Herzegovina,2000,5,60.9
Bosnia and Herzegovina,2001,5,67.1
Bosnia and Herzegovina,2002,5.1,78.8
Bosnia and Herzegovina,2003,5.1,123
Bosnia and Herzegovina,2004,5.2,139
Bosnia and Herzegovina,2005,5.2,145
Bosnia and Herzegovina,2006,5.2,169
Bosnia and Herzegovina,2007,5.2,223
Bosnia and Herzegovina,2008,5.2,294
Bosnia and Herzegovina,2009,5.2,304
Bosnia and Herzegovina,2010,5.1,307
Belarus,2000,8.1,47.9
Belarus,2001,9.3,58.5
Belarus,2002,11,66.8
Belarus,2003,12,87.5
Belarus,2004,12,115
Belarus,2005,12,154
Belarus,2006,11,168
Belarus,2007,11,207
Belarus,2008,10,243
Belarus,2009,9.6,199
Belarus,2010,9.8,248
Belize,2000,3,69.5
Belize,2001,7.9,88
Belize,2002,6.2,87.2
Belize,2003,6.3,95.4
Belize,2004,3.8,96.5
Belize,2005,3.6,105
Belize,2006,5.6,113
Belize,2007,3.2,133
Belize,2008,6.1,138
Belize,2009,4.9,154
Belize,2010,5.6,150
Bolivia,2000,32,36.9
Bolivia,2001,31,36
Bolivia,2002,29,37.5
Bolivia,2003,27,30.7
Bolivia,2004,24,32.6
Bolivia,2005,23,38.6
Bolivia,2006,22,41.3
Bolivia,2007,21,44.4
Bolivia,2008,20,55.6
Bolivia,2009,18,58.4
Bolivia,2010,17,60.6
Brazil,2000,5,107
Brazil,2001,4.7,96.3
Brazil,2002,4.4,90.7
Brazil,2003,4.2,94.8
Brazil,2004,4.1,121
Brazil,2005,3.8,156
Brazil,2006,3.8,205
Brazil,2007,3.7,255
Brazil,2008,3.7,306
Brazil,2009,3.7,320
Brazil,2010,4.2,466
Barbados,2000,0.55,396
Barbados,2001,0.84,429
Barbados,2002,0.65,459
Barbados,2003,0.92,456
Barbados,2004,1.5,472
Barbados,2005,1.1,498
Barbados,2006,1.3,543
Barbados,2007,1.7,560
Barbados,2008,0.6,628
Barbados,2009,0.44,494
Barbados,2010,0.62,652
Brunei,2000,5.7,477
Brunei,2001,4.8,432
Brunei,2002,3.6,439
Brunei,2003,3.3,488
Brunei,2004,4.4,558
Brunei,2005,4.2,582
Brunei,2006,3.4,598
Brunei,2007,2.9,662
Brunei,2008,2.8,754
Brunei,2009,3.9,710
Brunei,2010,4.1,748
Bhutan,2000,28,40.9
Bhutan,2001,25,39.3
Bhutan,2002,25,58.5
Bhutan,2003,23,37.3
Bhutan,2004,22,34.9
Bhutan,2005,22,44
Bhutan,2006,20,56.2
Bhutan,2007,22,73.8
Bhutan,2008,21,80.9
Bhutan,2009,24,78.5
Bhutan,2010,28,94.2
Botswana,2000,269,94.4
Botswana,2001,246,126
Botswana,2002,207,145
Botswana,2003,199,180
Botswana,2004,166,346
Botswana,2005,145,311
Botswana,2006,174,291
Botswana,2007,165,386
Botswana,2008,120,407
Botswana,2009,112,442
Botswana,2010,130,446
Central African Republic,2000,295,4.13
Central African Republic,2001,297,3.82
Central African Republic,2002,259,4.39
Central African Republic,2003,269,4.72
Central African Republic,2004,269,4.9
Central African Republic,2005,281,4.42
Central African Republic,2006,247,4.84
Central African Republic,2007,249,5.72
Central African Republic,2008,240,6.16
Central African Republic,2009,215,6.25
Central African Republic,2010,241,6.44
Canada,2000,0.61,1470
Canada,2001,0.62,1500
Canada,2002,0.59,1560
Canada,2003,0.52,1880
Canada,2004,0.42,2130
Canada,2005,0.48,2430
Canada,2006,0.45,2730
Canada,2007,0.44,3050
Canada,2008,0.45,3260
Canada,2009,0.3,3190
Canada,2010,0.3,3680
Switzerland,2000,0.94,1950
Switzerland,2001,0.81,2110
Switzerland,2002,0.72,2390
Switzerland,2003,0.61,2880
Switzerland,2004,0.58,3210
Switzerland,2005,0.55,3310
Switzerland,2006,0.57,3290
Switzerland,2007,0.46,3590
Switzerland,2008,0.53,4160
Switzerland,2009,0.44,4290
Switzerland,2010,0.44,4610
Chile,2000,4.2,169
Chile,2001,4.6,159
Chile,2002,4.4,157
Chile,2003,4.3,134
Chile,2004,4.6,167
Chile,2005,4.1,201
Chile,2006,4,249
Chile,2007,3.6,295
Chile,2008,2.9,337
Chile,2009,3.1,382
Chile,2010,3.4,456
China,2000,9.6,16.6
China,2001,8.8,16.8
China,2002,8.1,19.4
China,2003,7.3,22.1
China,2004,5.8,26.6
China,2005,5.9,31.2
China,2006,5.5,38
China,2007,4.9,53.7
China,2008,4.4,78.2
China,2009,4.3,100
China,2010,4.1,118
Cote d'Ivoire,2000,180,8.35
Cote d'Ivoire,2001,160,5.98
Cote d'Ivoire,2002,147,6.93
Cote d'Ivoire,2003,129,7.68
Cote d'Ivoire,2004,109,9.35
Cote d'Ivoire,2005,100,7.74
Cote d'Ivoire,2006,88,8.51
Cote d'Ivoire,2007,74,13.6
Cote d'Ivoire,2008,58,17.1
Cote d'Ivoire,2009,56,12.7
Cote d'Ivoire,2010,49,12.9
Cameroon,2000,166,5.53
Cameroon,2001,148,6.78
Cameroon,2002,150,8.56
Cameroon,2003,134,10.8
Cameroon,2004,129,10.4
Cameroon,2005,117,10.6
Cameroon,2006,109,10.8
Cameroon,2007,104,11.9
Cameroon,2008,94,13.1
Cameroon,2009,90,15.7
Cameroon,2010,84,18.2
"Congo, Dem. Rep.",2000,113,0.543
"Congo, Dem. Rep.",2001,106,0.31
"Congo, Dem. Rep.",2002,102,0.27
"Congo, Dem. Rep.",2003,94,1.16
"Congo, Dem. Rep.",2004,84,1.42
"Congo, Dem. Rep.",2005,84,2.19
"Congo, Dem. Rep.",2006,88,2.78
"Congo, Dem. Rep.",2007,78,3.7
"Congo, Dem. Rep.",2008,76,6.46
"Congo, Dem. Rep.",2009,83,7.48
"Congo, Dem. Rep.",2010,83,6.7
"Congo, Rep.",2000,54,12.5
"Congo, Rep.",2001,61,11.6
"Congo, Rep.",2002,73,11.8
"Congo, Rep.",2003,116,13.5
"Congo, Rep.",2004,96,18.4
"Congo, Rep.",2005,101,24.6
"Congo, Rep.",2006,123,31.7
"Congo, Rep.",2007,116,34.7
"Congo, Rep.",2008,116,38.7
"Congo, Rep.",2009,102,31.8
"Congo, Rep.",2010,97,33.8
Cook Is,2000,0.53,158
Cook Is,2001,1,230
Cook Is,2002,0.52,208
Cook Is,2003,0,296
Cook Is,2004,0.5,328
Cook Is,2005,0.5,414
Cook Is,2006,0.49,359
Cook Is,2007,0.56,427
Cook Is,2008,1,420
Cook Is,2009,1,408
Cook Is,2010,0,506
Colombia,2000,4,131
Colombia,2001,4.2,125
Colombia,2002,4,123
Colombia,2003,3.8,123
Colombia,2004,3.6,145
Colombia,2005,3.2,178
Colombia,2006,3.1,193
Colombia,2007,3.4,239
Colombia,2008,3.5,266
Colombia,2009,3.2,278
Colombia,2010,2.8,343
Comoros,2000,7.9,5.47
Comoros,2001,6.5,4.17
Comoros,2002,8.3,6.95
Comoros,2003,11,9.46
Comoros,2004,9.6,11.8
Comoros,2005,8.5,13.4
Comoros,2006,8.2,15.4
Comoros,2007,7.3,19.1
Comoros,2008,6.5,23.2
Comoros,2009,6.8,12.6
Comoros,2010,7.3,22.3
Cape Verde,2000,8.7,42
Cape Verde,2001,8.4,48.2
Cape Verde,2002,7.6,51.9
Cape Verde,2003,8.3,59.8
Cape Verde,2004,8.1,78.6
Cape Verde,2005,7.2,75.6
Cape Verde,2006,8.2,95.1
Cape Verde,2007,8.2,103
Cape Verde,2008,8.8,114
Cape Verde,2009,8.7,111
Cape Verde,2010,8.9,116
Costa Rica,2000,2.2,204
Costa Rica,2001,2.1,220
Costa Rica,2002,2.1,236
Costa Rica,2003,2.1,243
Costa Rica,2004,1.9,246
Costa Rica,2005,2,253
Costa Rica,2006,1.8,283
Costa Rica,2007,1.2,353
Costa Rica,2008,1.6,413
Costa Rica,2009,1.1,449
Costa Rica,2010,1.4,553
Cuba,2000,0.51,151
Cuba,2001,0.37,161
Cuba,2002,0.36,172
Cuba,2003,0.47,181
Cuba,2004,0.39,186
Cuba,2005,0.38,282
Cuba,2006,0.46,332
Cuba,2007,0.4,557
Cuba,2008,0.57,557
Cuba,2009,0.34,623
Cuba,2010,0.42,555
Cyprus,2000,0.07,310
Cyprus,2001,0.18,329
Cyprus,2002,0.24,399
Cyprus,2003,0.36,557
Cyprus,2004,0.45,588
Cyprus,2005,0.54,589
Cyprus,2006,0.29,622
Cyprus,2007,0.12,713
Cyprus,2008,0.27,796
Cyprus,2009,0.16,745
Cyprus,2010,0.17,708
Czech Republic,2000,1.2,326
Czech Republic,2001,0.95,363
Czech Republic,2002,0.85,473
Czech Republic,2003,0.83,598
Czech Republic,2004,0.7,687
Czech Republic,2005,0.69,769
Czech Republic,2006,0.61,839
Czech Republic,2007,0.7,972
Czech Republic,2008,0.53,1220
Czech Republic,2009,0.51,1260
Czech Republic,2010,0.39,1240
Germany,2000,0.93,1900
Germany,2001,0.8,1900
Germany,2002,0.75,2060
Germany,2003,0.75,2520
Germany,2004,0.63,2710
Germany,2005,0.62,2780
Germany,2006,0.58,2860
Germany,2007,0.59,3230
Germany,2008,0.48,3610
Germany,2009,0.46,3630
Germany,2010,0.47,3600
Djibouti,2000,110,29.6
Djibouti,2001,110,26.9
Djibouti,2002,80,27.4
Djibouti,2003,79,33.6
Djibouti,2004,70,29.3
Djibouti,2005,73,43.2
Djibouti,2006,70,43.9
Djibouti,2007,62,53.9
Djibouti,2008,71,56.1
Djibouti,2009,71,65.5
Djibouti,2010,89,59.8
Dominica,2000,3.2,160
Dominica,2001,1.5,160
Dominica,2002,2.3,160
Dominica,2003,3,161
Dominica,2004,1.5,161
Dominica,2005,1.4,162
Dominica,2006,1.4,179
Dominica,2007,5.8,193
Dominica,2008,5.6,204
Dominica,2009,4.1,223
Dominica,2010,3.6,292
Denmark,2000,0.94,2190
Denmark,2001,0.9,2300
Denmark,2002,0.81,2550
Denmark,2003,0.61,3170
Denmark,2004,0.77,3690
Denmark,2005,0.58,3920
Denmark,2006,0.46,4240
Denmark,2007,0.55,4800
Denmark,2008,0.32,5390
Denmark,2009,0.52,5490
Denmark,2010,0.69,5470
Dominican Republic,2000,15,60.4
Dominican Republic,2001,13,54.1
Dominican Republic,2002,13,57.5
Dominican Republic,2003,13,43.8
Dominican Republic,2004,13,36.1
Dominican Republic,2005,9,62.7
Dominican Republic,2006,12,78
Dominican Republic,2007,10,83.1
Dominican Republic,2008,9.9,99.7
Dominican Republic,2009,7.1,115
Dominican Republic,2010,9.5,140
Algeria,2000,8.2,45.9
Algeria,2001,8,52.5
Algeria,2002,8.2,54.1
Algeria,2003,8.4,62.6
Algeria,2004,8.4,63.2
Algeria,2005,8.9,69.3
Algeria,2006,8.7,81.7
Algeria,2007,8.6,109
Algeria,2008,8.2,148
Algeria,2009,8.5,143
Algeria,2010,8.6,139
Ecuador,2000,13,16.7
Ecuador,2001,11,27
Ecuador,2002,10,36.3
Ecuador,2003,9,32.1
Ecuador,2004,8.3,37.5
Ecuador,2005,8.5,40.5
Ecuador,2006,8.1,48.8
Ecuador,2007,7.5,55.5
Ecuador,2008,6.9,71.6
Ecuador,2009,6,112
Ecuador,2010,5.6,122
Egypt,2000,1.5,31.8
Egypt,2001,1.5,30.7
Egypt,2002,1.4,29.6
Egypt,2003,1.5,23.4
Egypt,2004,1.2,23.8
Egypt,2005,1.3,26.8
Egypt,2006,1.1,33.3
Egypt,2007,1.1,34.9
Egypt,2008,1.1,42.7
Egypt,2009,0.89,44.9
Egypt,2010,0.75,46.1
Eritrea,2000,13,4.33
Eritrea,2001,35,4.83
Eritrea,2002,34,3.68
Eritrea,2003,65,3.63
Eritrea,2004,56,3.78
Eritrea,2005,45,3.6
Eritrea,2006,37,3.83
Eritrea,2007,44,4.09
Eritrea,2008,39,5.39
Eritrea,2009,33,5.09
Eritrea,2010,32,5.74
Spain,2000,2.3,745
Spain,2001,2,771
Spain,2002,2,859
Spain,2003,2,1210
Spain,2004,1.5,1410
Spain,2005,1.6,1520
Spain,2006,1.3,1670
Spain,2007,1.3,1950
Spain,2008,1.1,2270
Spain,2009,1.2,2230
Spain,2010,1.2,2100
Estonia,2000,8.5,169
Estonia,2001,7.4,174
Estonia,2002,7.4,201
Estonia,2003,8.6,279
Estonia,2004,8,345
Estonia,2005,4.3,398
Estonia,2006,5.9,459
Estonia,2007,5.6,639
Estonia,2008,4.8,836
Estonia,2009,4.3,758
Estonia,2010,3.6,671
Ethiopia,2000,161,2.85
Ethiopia,2001,149,3.23
Ethiopia,2002,129,2.87
Ethiopia,2003,116,3.43
Ethiopia,2004,104,3.43
Ethiopia,2005,97,4.14
Ethiopia,2006,92,4.61
Ethiopia,2007,83,6.7
Ethiopia,2008,71,7.29
Ethiopia,2009,61,8.33
Ethiopia,2010,53,8.41
Finland,2000,2.6,1210
Finland,2001,1.9,1280
Finland,2002,1.9,1470
Finland,2003,1.6,1920
Finland,2004,1.3,2230
Finland,2005,1.5,2370
Finland,2006,1.2,2470
Finland,2007,1.1,2780
Finland,2008,1.2,3170
Finland,2009,1,3050
Finland,2010,0.92,2990
Fiji,2000,1.9,67.1
Fiji,2001,1.8,53.5
Fiji,2002,2.1,64.4
Fiji,2003,3.1,76.5
Fiji,2004,3.9,96.2
Fiji,2005,3.3,107
Fiji,2006,2.9,113
Fiji,2007,4.2,113
Fiji,2008,2.6,116
Fiji,2009,2.1,102
Fiji,2010,3,108
France,2000,2.4,1750
France,2001,2.3,1770
France,2002,2.1,1980
France,2003,2,2490
France,2004,1.7,2860
France,2005,1.7,2980
France,2006,1.4,3110
France,2007,1.3,3510
France,2008,1.3,3840
France,2009,1.2,3770
France,2010,1.2,3650
"Micronesia, Fed. Sts.",2000,12,160
"Micronesia, Fed. Sts.",2001,13,179
"Micronesia, Fed. Sts.",2002,16,166
"Micronesia, Fed. Sts.",2003,14,204
"Micronesia, Fed. Sts.",2004,15,217
"Micronesia, Fed. Sts.",2005,13,258
"Micronesia, Fed. Sts.",2006,14,254
"Micronesia, Fed. Sts.",2007,18,259
"Micronesia, Fed. Sts.",2008,22,277
"Micronesia, Fed. Sts.",2009,20,305
"Micronesia, Fed. Sts.",2010,22,334
Gabon,2000,198,43
Gabon,2001,212,44.8
Gabon,2002,244,44.4
Gabon,2003,249,67.2
Gabon,2004,229,73.2
Gabon,2005,173,69.4
Gabon,2006,146,81.5
Gabon,2007,183,103
Gabon,2008,168,115
Gabon,2009,144,127
Gabon,2010,132,160
UK,2000,1.1,1390
UK,2001,1.1,1440
UK,2002,1.1,1640
UK,2003,1.1,1940
UK,2004,0.94,2390
UK,2005,0.94,2550
UK,2006,0.95,2780
UK,2007,0.76,3160
UK,2008,0.83,3130
UK,2009,0.76,2900
UK,2010,0.69,2940
Georgia,2000,7.8,7.61
Georgia,2001,7,9.54
Georgia,2002,7.5,10.3
Georgia,2003,6.7,11
Georgia,2004,6.9,14.8
Georgia,2005,5.4,23.6
Georgia,2006,5.3,30.9
Georgia,2007,4.9,33.4
Georgia,2008,5.2,51.8
Georgia,2009,5.5,55.9
Georgia,2010,5.7,64.2
Ghana,2000,90,6
Ghana,2001,85,8.65
Ghana,2002,84,7.24
Ghana,2003,82,9.21
Ghana,2004,81,16
Ghana,2005,80,23.1
Ghana,2006,78,27.1
Ghana,2007,77,40.9
Ghana,2008,73,39.8
Ghana,2009,66,30.9
Ghana,2010,67,39.9
Guinea,2000,88,3.93
Guinea,2001,78,4.31
Guinea,2002,78,4.56
Guinea,2003,74,5.23
Guinea,2004,69,3.71
Guinea,2005,72,1.83
Guinea,2006,61,2.16
Guinea,2007,57,1.82
Guinea,2008,52,3.6
Guinea,2009,58,2.06
Guinea,2010,42,2.6
Gambia,2000,40,6.34
Gambia,2001,37,6.81
Gambia,2002,35,5.91
Gambia,2003,34,7.62
Gambia,2004,30,9.97
Gambia,2005,36,10.4
Gambia,2006,44,10.9
Gambia,2007,42,10.4
Gambia,2008,36,12.7
Gambia,2009,33,14.3
Gambia,2010,40,13.3
Guinea-Bissau,2000,119,1.74
Guinea-Bissau,2001,118,1.49
Guinea-Bissau,2002,121,3.96
Guinea-Bissau,2003,126,4.7
Guinea-Bissau,2004,127,3.39
Guinea-Bissau,2005,137,3.74
Guinea-Bissau,2006,127,3.65
Guinea-Bissau,2007,133,4.44
Guinea-Bissau,2008,133,5.07
Guinea-Bissau,2009,133,5.08
Guinea-Bissau,2010,134,4.7
Equatorial Guinea,2000,71,21.5
Equatorial Guinea,2001,69,38.6
Equatorial Guinea,2002,68,114
Equatorial Guinea,2003,68,82.7
Equatorial Guinea,2004,68,108
Equatorial Guinea,2005,72,135
Equatorial Guinea,2006,76,185
Equatorial Guinea,2007,79,260
Equatorial Guinea,2008,81,418
Equatorial Guinea,2009,76,612
Equatorial Guinea,2010,73,681
Greece,2000,0.89,550
Greece,2001,1.1,640
Greece,2002,0.88,708
Greece,2003,1.1,943
Greece,2004,0.78,1070
Greece,2005,0.92,1260
Greece,2006,0.82,1420
Greece,2007,0.97,1620
Greece,2008,0.81,1850
Greece,2009,0.89,1860
Greece,2010,0.75,1620
Grenada,2000,1.3,177
Grenada,2001,1.3,231
Grenada,2002,0.94,187
Grenada,2003,1,177
Grenada,2004,2.5,158
Grenada,2005,2.2,197
Grenada,2006,1.2,217
Grenada,2007,1.6,212
Grenada,2008,1.9,214
Grenada,2009,2.7,227
Grenada,2010,1.4,198
Guatemala,2000,5.7,37.7
Guatemala,2001,5.2,38.8
Guatemala,2002,4.5,38.6
Guatemala,2003,4.1,42.3
Guatemala,2004,3.8,42.1
Guatemala,2005,3.8,46
Guatemala,2006,3.5,56.5
Guatemala,2007,4,61.4
Guatemala,2008,4.2,68.5
Guatemala,2009,3.9,68.8
Guatemala,2010,3.6,68.7
Guyana,2000,13,44.8
Guyana,2001,13,43.4
Guyana,2002,19,46.1
Guyana,2003,18,44.2
Guyana,2004,23,58.8
Guyana,2005,20,66.6
Guyana,2006,19,76.8
Guyana,2007,23,69.8
Guyana,2008,20,139
Guyana,2009,20,144
Guyana,2010,27,136
Honduras,2000,11,41.5
Honduras,2001,9.2,43.6
Honduras,2002,8.3,47.4
Honduras,2003,6.6,59
Honduras,2004,7,55.4
Honduras,2005,6.7,53.6
Honduras,2006,6.4,54.3
Honduras,2007,6,62.8
Honduras,2008,5.7,70.8
Honduras,2009,5.5,89.2
Croatia,2000,3.9,325
Croatia,2001,3.4,313
Croatia,2002,4.3,300
Croatia,2003,3.8,409
Croatia,2004,3.8,498
Croatia,2005,2.7,606
Croatia,2006,3.3,680
Croatia,2007,2.4,877
Croatia,2008,2.4,1040
Croatia,2009,2.8,944
Croatia,2010,1.9,905
Haiti,2000,67,7.12
Haiti,2001,62,5.88
Haiti,2002,54,4.29
Haiti,2003,47,3.02
Haiti,2004,45,4.16
Haiti,2005,44,4.17
Haiti,2006,44,6.98
Haiti,2007,34,8.24
Haiti,2008,31,8.92
Haiti,2009,29,8.73
Haiti,2010,26,9.95
Hungary,2000,4.1,231
Hungary,2001,3.8,259
Hungary,2002,3.3,348
Hungary,2003,3,502
Hungary,2004,3,588
Hungary,2005,2.5,657
Hungary,2006,1.9,659
Hungary,2007,2.2,720
Hungary,2008,1.9,794
Hungary,2009,1.7,667
Hungary,2010,1.5,654
Indonesia,2000,56,5.47
Indonesia,2001,55,7.15
Indonesia,2002,54,7.61
Indonesia,2003,53,10.7
Indonesia,2004,51,10.7
Indonesia,2005,51,11.5
Indonesia,2006,52,16.4
Indonesia,2007,52,23.1
Indonesia,2008,51,24.8
Indonesia,2009,50,26
Indonesia,2010,49,37.7
India,2000,67,5.08
India,2001,65,4.99
India,2002,63,4.88
India,2003,60,5.39
India,2004,57,6.01
India,2005,55,7.32
India,2006,53,8.21
India,2007,53,10.4
India,2008,49,11.9
India,2009,47,13.4
India,2010,44,15.8
Ireland,2000,1.5,1170
Ireland,2001,0.96,1390
Ireland,2002,1.2,1680
Ireland,2003,1,2220
Ireland,2004,1.1,2670
Ireland,2005,0.68,2840
Ireland,2006,1,3010
Ireland,2007,1.3,3500
Ireland,2008,0.79,4020
Ireland,2009,0.86,3530
Ireland,2010,0.83,2930
Iran,2000,0.94,96.2
Iran,2001,0.95,128
Iran,2002,0.95,44.8
Iran,2003,0.96,44.3
Iran,2004,0.97,50.8
Iran,2005,0.97,69
Iran,2006,0.99,80.8
Iran,2007,0.99,98.1
Iran,2008,1,128
Iran,2009,1,118
Iran,2010,1,127
Iraq,2000,5.4,0.39
Iraq,2001,4.9,0.43
Iraq,2002,4.7,0.27
Iraq,2003,5.8,8.32
Iraq,2004,5.2,45
Iraq,2005,5,41.7
Iraq,2006,5,42.1
Iraq,2007,4.5,75
Iraq,2008,4,120
Iraq,2009,3.7,157
Iraq,2010,3.4,200
Iceland,2000,0.76,2470
Iceland,2001,1.2,2180
Iceland,2002,1.4,2660
Iceland,2003,2.5,3300
Iceland,2004,1.5,3720
Iceland,2005,1.1,4350
Iceland,2006,0.85,4240
Iceland,2007,1.7,5120
Iceland,2008,0.77,4120
Iceland,2009,2.6,3040
Iceland,2010,1.1,3000
Israel,2000,1.4,932
Israel,2001,0.97,950
Israel,2002,1,865
Israel,2003,0.91,860
Israel,2004,0.69,881
Israel,2005,0.79,898
Israel,2006,0.58,930
Israel,2007,0.63,1030
Israel,2008,0.45,1250
Israel,2009,0.41,1210
Israel,2010,0.42,1320
Italy,2000,1.1,1130
Italy,2001,1,1200
Italy,2002,0.98,1330
Italy,2003,1.1,1630
Italy,2004,0.86,1950
Italy,2005,0.81,2070
Italy,2006,0.82,2180
Italy,2007,0.74,2370
Italy,2008,0.76,2690
Italy,2009,0.79,2590
Italy,2010,0.73,2520
Jamaica,2000,1.1,99.7
Jamaica,2001,0.85,77.3
Jamaica,2002,0.95,103
Jamaica,2003,1.8,82.1
Jamaica,2004,0.98,104
Jamaica,2005,0.96,83.2
Jamaica,2006,0.59,102
Jamaica,2007,0.6,120
Jamaica,2008,0.64,146
Jamaica,2009,0.95,126
Jamaica,2010,0.7,132
Jordan,2000,0.56,81.3
Jordan,2001,0.56,87.5
Jordan,2002,0.56,92.9
Jordan,2003,0.56,91.8
Jordan,2004,0.56,107
Jordan,2005,0.56,108
Jordan,2006,0.56,120
Jordan,2007,0.56,151
Jordan,2008,0.56,204
Jordan,2009,0.38,262
Jordan,2010,0.39,242
Japan,2000,4.1,2290
Japan,2001,3.8,2080
Japan,2002,3.6,1990
Japan,2003,3.5,2170
Japan,2004,3.4,2350
Japan,2005,3.4,2390
Japan,2006,3.3,2220
Japan,2007,3.2,2260
Japan,2008,3.1,2630
Japan,2009,3,3090
Japan,2010,3,3360
Kazakhstan,2000,31,25.9
Kazakhstan,2001,29,29.2
Kazakhstan,2002,29,32
Kazakhstan,2003,27,41.5
Kazakhstan,2004,24,65.8
Kazakhstan,2005,25,94.9
Kazakhstan,2006,22,122
Kazakhstan,2007,19,121
Kazakhstan,2008,18,193
Kazakhstan,2009,14,193
Kazakhstan,2010,12,234
Kenya,2000,177,8.81
Kenya,2001,190,8.37
Kenya,2002,199,7.76
Kenya,2003,224,8.51
Kenya,2004,231,8.33
Kenya,2005,230,9.69
Kenya,2006,236,11.5
Kenya,2007,220,13.6
Kenya,2008,197,13.1
Kenya,2009,197,15.4
Kenya,2010,181,16.3
Kyrgyz Republic,2000,24,5.73
Kyrgyz Republic,2001,27,6.03
Kyrgyz Republic,2002,22,6.9
Kyrgyz Republic,2003,20,7.89
Kyrgyz Republic,2004,17,10
Kyrgyz Republic,2005,16,11.6
Kyrgyz Republic,2006,17,16.5
Kyrgyz Republic,2007,14,23.9
Kyrgyz Republic,2008,13,27.3
Kyrgyz Republic,2009,12,30.3
Kyrgyz Republic,2010,12,30.1
Cambodia,2000,58,3.81
Cambodia,2001,59,5.27
Cambodia,2002,71,6.58
Cambodia,2003,64,8.42
Cambodia,2004,58,9.26
Cambodia,2005,51,7.22
Cambodia,2006,48,7.99
Cambodia,2007,44,10.3
Cambodia,2008,41,12.7
Cambodia,2009,39,15
Cambodia,2010,34,16.8
Kiribati,2000,47,60.9
Kiribati,2001,45,62.6
Kiribati,2002,45,71
Kiribati,2003,44,96.1
Kiribati,2004,43,112
Kiribati,2005,42,109
Kiribati,2006,43,105
Kiribati,2007,43,148
Kiribati,2008,42,144
Kiribati,2009,42,134
Kiribati,2010,41,131
St. Kitts and Nevis,2000,2.3,234
St. Kitts and Nevis,2001,2.3,223
St. Kitts and Nevis,2002,2.7,212
St. Kitts and Nevis,2003,3.1,202
St. Kitts and Nevis,2004,3.5,193
St. Kitts and Nevis,2005,3.9,212
St. Kitts and Nevis,2006,4.2,298
St. Kitts and Nevis,2007,2.1,292
St. Kitts and Nevis,2008,2.1,270
St. Kitts and Nevis,2009,2.1,258
St. Kitts and Nevis,2010,2.1,405
South Korea,2001,8,296
South Korea,2002,8.1,319
South Korea,2003,8.2,365
South Korea,2004,7.4,415
South Korea,2005,7.5,526
South Korea,2006,7,659
South Korea,2007,6.2,762
South Korea,2008,6,692
South Korea,2009,5.8,689
South Korea,2010,6.1,848
Kuwait,2000,1.1,370
Kuwait,2001,1.2,510
Kuwait,2002,1.5,524
Kuwait,2003,1,583
Kuwait,2004,1.2,596
Kuwait,2005,1.2,678
Kuwait,2006,0.76,789
Kuwait,2007,1.2,787
Kuwait,2008,0.85,874
Kuwait,2009,1.1,1350
Kuwait,2010,1.2,983
Lao,2000,124,3.8
Lao,2001,117,3.61
Lao,2002,111,3.46
Lao,2003,105,4.59
Lao,2004,98,3.36
Lao,2005,89,2.58
Lao,2006,83,3.11
Lao,2007,79,3.31
Lao,2008,74,9.55
Lao,2009,72,11.1
Lao,2010,68,15.4
Lebanon,2000,1.4,148
Lebanon,2001,1.2,162
Lebanon,2002,0.99,186
Lebanon,2003,0.82,170
Lebanon,2004,0.82,195
Lebanon,2005,0.79,198
Lebanon,2006,0.75,190
Lebanon,2007,0.95,212
Lebanon,2008,1,241
Lebanon,2009,0.99,259
Lebanon,2010,0.99,255
Liberia,2000,111,2.63
Liberia,2001,107,2.86
Liberia,2002,81,1.92
Liberia,2003,99,1.56
Liberia,2004,73,1.96
Liberia,2005,92,2.67
Liberia,2006,82,3.37
Liberia,2007,84,5.88
Liberia,2008,85,9.07
Liberia,2009,78,9.66
Liberia,2010,74,9.49
Libya,2000,7.2,124
Libya,2001,5.5,143
Libya,2002,4,118
Libya,2003,3.6,121
Libya,2004,5.6,129
Libya,2005,2.7,138
Libya,2006,3.5,147
Libya,2007,3,224
Libya,2008,4,330
Libya,2009,3.6,283
Libya,2010,5.5,333
St. Lucia,2000,0.87,143
St. Lucia,2001,0.78,151
St. Lucia,2002,1.2,151
St. Lucia,2003,1.4,146
St. Lucia,2004,4.1,160
St. Lucia,2005,3.7,164
St. Lucia,2006,2.2,198
St. Lucia,2007,2,195
St. Lucia,2008,2,239
St. Lucia,2009,1.1,294
St. Lucia,2010,0.62,282
Sri Lanka,2000,7.3,15.8
Sri Lanka,2001,7.4,14.3
Sri Lanka,2002,6.9,14.8
Sri Lanka,2003,7.2,16
Sri Lanka,2004,9.3,20.6
Sri Lanka,2005,5.2,23.4
Sri Lanka,2006,5.1,27.9
Sri Lanka,2007,5.1,29.4
Sri Lanka,2008,5.4,31.7
Sri Lanka,2009,5.6,30.1
Sri Lanka,2010,4.9,31.3
Lesotho,2000,265,13.6
Lesotho,2001,409,15.5
Lesotho,2002,376,12.5
Lesotho,2003,343,19.3
Lesotho,2004,430,23.8
Lesotho,2005,480,21.9
Lesotho,2006,455,28.6
Lesotho,2007,430,42.5
Lesotho,2008,484,46.5
Lesotho,2009,474,55.7
Lesotho,2010,296,83
Lithuania,2000,11,148
Lithuania,2001,11,160
Lithuania,2002,11,197
Lithuania,2003,11,267
Lithuania,2004,9.3,253
Lithuania,2005,11,302
Lithuania,2006,12,384
Lithuania,2007,11,529
Lithuania,2008,11,677
Lithuania,2009,10,614
Lithuania,2010,7.3,574
Luxembourg,2000,0.93,2960
Luxembourg,2001,1.4,2850
Luxembourg,2002,0.86,3580
Luxembourg,2003,1.2,4170
Luxembourg,2004,0.53,5180
Luxembourg,2005,0.35,5470
Luxembourg,2006,0.31,5940
Luxembourg,2007,0.52,6410
Luxembourg,2008,0.44,6770
Luxembourg,2009,0.35,6940
Luxembourg,2010,0.27,6910
Latvia,2000,15,107
Latvia,2001,15,110
Latvia,2002,11,129
Latvia,2003,12,156
Latvia,2004,9.1,219
Latvia,2005,9.3,252
Latvia,2006,9.4,379
Latvia,2007,7.7,536
Latvia,2008,6.6,609
Latvia,2009,6.1,466
Latvia,2010,5.1,439
Morocco,2000,9.6,15.8
Morocco,2001,9.3,18.5
Morocco,2002,9.7,18.9
Morocco,2003,8.6,23.4
Morocco,2004,8.2,27.1
Morocco,2005,8.3,28.1
Morocco,2006,8.2,36.6
Morocco,2007,7.8,45.6
Morocco,2008,8.1,54.3
Morocco,2009,8.1,58.7
Morocco,2010,8.5,56.2
Monaco,2000,0,2120
Monaco,2001,0,2170
Monaco,2002,0,2400
Monaco,2003,0.03,3440
Monaco,2004,0.07,4050
Monaco,2005,0.13,4230
Monaco,2006,0.19,4350
Monaco,2007,0.24,4910
Monaco,2008,0.27,5870
Monaco,2009,0.29,5860
Monaco,2010,0.27,5570
Moldova,2000,19,11.4
Moldova,2001,17,13.1
Moldova,2002,18,18.5
Moldova,2003,17,21.8
Moldova,2004,19,30.1
Moldova,2005,19,34.7
Moldova,2006,20,44.9
Moldova,2007,19,60.5
Moldova,2008,17,91.4
Moldova,2009,18,92.4
Moldova,2010,16,87.2
Madagascar,2000,84,6.23
Madagascar,2001,82,7.58
Madagascar,2002,79,6.95
Madagascar,2003,73,7.34
Madagascar,2004,70,5.99
Madagascar,2005,71,6.92
Madagascar,2006,65,7.92
Madagascar,2007,64,10.6
Madagascar,2008,63,14.9
Madagascar,2009,62,11.5
Madagascar,2010,58,9.59
Maldives,2000,5.1,94.8
Maldives,2001,5.9,88.5
Maldives,2002,8.5,87.7
Maldives,2003,2.5,110
Maldives,2004,0.93,133
Maldives,2005,1.7,174
Maldives,2006,1.9,207
Maldives,2007,1.9,222
Maldives,2008,2.3,316
Maldives,2009,2.2,216
Maldives,2010,2.3,231
Mexico,2000,4.1,153
Mexico,2001,4,167
Mexico,2002,3.6,174
Mexico,2003,3.6,175
Mexico,2004,2.8,199
Mexico,2005,3,215
Mexico,2006,2.7,233
Mexico,2007,2.5,256
Mexico,2008,2.6,281
Mexico,2009,2.4,253
Marshall Islands,2000,9.2,410
Marshall Islands,2001,15,355
Marshall Islands,2002,13,356
Marshall Islands,2003,15,320
Marshall Islands,2004,30,351
Marshall Islands,2005,28,350
Marshall Islands,2006,34,384
Marshall Islands,2007,39,409
Marshall Islands,2008,31,391
Marshall Islands,2009,35,454
Marshall Islands,2010,47,433
North Macedonia,2000,5.9,90.1
North Macedonia,2001,5.5,85.2
North Macedonia,2002,4.6,103
North Macedonia,2003,5.1,128
North Macedonia,2004,3.6,141
North Macedonia,2005,4,147
North Macedonia,2006,3.8,164
North Macedonia,2007,3.5,176
North Macedonia,2008,2.9,223
North Macedonia,2009,1.1,207
North Macedonia,2010,2,202
Mali,2000,22,4.87
Mali,2001,20,7.45
Mali,2002,19,6.75
Mali,2003,19,9.4
Mali,2004,18,12.1
Mali,2005,18,11.7
Mali,2006,17,12.8
Mali,2007,15,14.2
Mali,2008,13,15.6
Mali,2009,11,15.6
Mali,2010,15,14.8
Malta,2000,0.84,466
Malta,2001,0.57,468
Malta,2002,0.83,584
Malta,2003,0.26,752
Malta,2004,0.58,855
Malta,2005,0.28,957
Malta,2006,0.29,1000
Malta,2007,1.6,1060
Malta,2008,0.51,1040
Malta,2009,0.52,1080
Malta,2010,0.93,1110
Myanmar,2000,194,0.45
Myanmar,2001,188,0.31
Myanmar,2002,178,0.46
Myanmar,2003,165,0.49
Myanmar,2004,149,0.667
Myanmar,2005,140,0.46
Myanmar,2006,129,0.836
Myanmar,2007,123,0.882
Myanmar,2008,125,1.18
Myanmar,2009,120,1.62
Myanmar,2010,110,2.09
Montenegro,2005,0.63,217
Montenegro,2006,0.98,242
Montenegro,2007,1.4,317
Montenegro,2008,0.65,404
Montenegro,2009,0.2,443
Montenegro,2010,0.24,389
Mongolia,2000,20,17.7
Mongolia,2001,20,19.9
Mongolia,2002,19,21.5
Mongolia,2003,18,21.8
Mongolia,2004,18,26
Mongolia,2005,17,26.3
Mongolia,2006,16,33.8
Mongolia,2007,16,48.5
Mongolia,2008,15,68.1
Mongolia,2009,13,53
Mongolia,2010,13,66.2
Mozambique,2000,149,10.2
Mozambique,2001,146,8.65
Mozambique,2002,137,9.82
Mozambique,2003,131,9.72
Mozambique,2004,128,9.91
Mozambique,2005,127,13.6
Mozambique,2006,128,13.2
Mozambique,2007,113,13
Mozambique,2008,123,12.9
Mozambique,2009,122,16.8
Mozambique,2010,122,15.3
Mauritania,2000,65,16.1
Mauritania,2001,62,11.7
Mauritania,2002,57,16.2
Mauritania,2003,52,15.2
Mauritania,2004,40,18.6
Mauritania,2005,52,18.6
Mauritania,2006,41,19.1
Mauritania,2007,34,22.4
Mauritania,2008,34,24.4
Mauritania,2009,32,20
Mauritania,2010,32,22.7
Mauritius,2000,1.1,75.5
Mauritius,2001,1.2,75.3
Mauritius,2002,1.2,85.1
Mauritius,2003,1,99.5
Mauritius,2004,1.3,120
Mauritius,2005,1.2,111
Mauritius,2006,0.77,110
Mauritius,2007,1.4,114
Mauritius,2008,1.5,134
Mauritius,2009,1.5,142
Mauritius,2010,1.2,187
Malawi,2000,137,4.31
Malawi,2001,134,3.3
Malawi,2002,142,6.56
Malawi,2003,127,9.14
Malawi,2004,135,12
Malawi,2005,143,13
Malawi,2006,146,14.6
Malawi,2007,145,12.7
Malawi,2008,138,13.3
Malawi,2009,138,16.5
Malawi,2010,145,15.4
Malaysia,2000,8.1,73.5
Malaysia,2001,8.3,84.3
Malaysia,2002,7.4,89.3
Malaysia,2003,7.1,114
Malaysia,2004,6.6,108
Malaysia,2005,7.3,97.9
Malaysia,2006,7.4,129
Malaysia,2007,6.7,143
Malaysia,2008,7,169
Malaysia,2009,7.2,176
Malaysia,2010,6.6,204
Namibia,2000,297,86.9
Namibia,2001,298,63.6
Namibia,2002,351,60.9
Namibia,2003,350,91.4
Namibia,2004,354,104
Namibia,2005,361,125
Namibia,2006,357,118
Namibia,2007,347,154
Namibia,2008,297,150
Namibia,2009,179,163
Namibia,2010,179,211
Niger,2000,72,2.32
Niger,2001,65,2.99
Niger,2002,60,3.37
Niger,2003,49,3.66
Niger,2004,47,4.26
Niger,2005,41,7.72
Niger,2006,37,8.6
Niger,2007,33,8.18
Niger,2008,32,10.1
Niger,2009,28,9.55
Niger,2010,26,9.3
Nigeria,2000,102,5.72
Nigeria,2001,94,5.7
Nigeria,2002,95,4.55
Nigeria,2003,93,8.6
Nigeria,2004,89,14.7
Nigeria,2005,88,15.5
Nigeria,2006,88,20.1
Nigeria,2007,85,26.8
Nigeria,2008,88,32.6
Nigeria,2009,86,23.4
Nigeria,2010,88,23.8
Nicaragua,2000,6.8,29
Nicaragua,2001,6.6,29.5
Nicaragua,2002,5.4,30
Nicaragua,2003,6.5,34.8
Nicaragua,2004,5.8,36.7
Nicaragua,2005,5.9,40.2
Nicaragua,2006,4.9,42.9
Nicaragua,2007,4.6,50.8
Nicaragua,2008,3.8,57.7
Nicaragua,2009,3.9,57
Niue,2000,0,313
Niue,2001,0,1440
Niue,2002,21,455
Niue,2003,0,700
Niue,2004,0,1020
Niue,2005,0,1040
Niue,2006,0,1260
Niue,2007,0,1570
Niue,2008,0,1720
Niue,2009,0,1810
Niue,2010,0,2300
Netherlands,2000,0.73,1210
Netherlands,2001,0.72,1300
Netherlands,2002,0.6,1500
Netherlands,2003,0.59,1980
Netherlands,2004,0.56,2240
Netherlands,2005,0.52,2330
Netherlands,2006,0.54,3050
Netherlands,2007,0.39,3480
Netherlands,2008,0.37,3940
Netherlands,2009,0.44,4550
Netherlands,2010,0.38,4430
Norway,2000,1.3,2600
Norway,2001,1.2,2790
Norway,2002,0.83,3460
Norway,2003,1.3,4130
Norway,2004,1.1,4540
Norway,2005,1,4960
Norway,2006,0.9,5230
Norway,2007,0.8,6150
Norway,2008,0.59,6800
Norway,2009,0.63,6340
Norway,2010,0.62,6790
Nepal,2000,128,2.48
Nepal,2001,124,3.55
Nepal,2002,118,3.58
Nepal,2003,110,3.54
Nepal,2004,108,4.75
Nepal,2005,102,5.73
Nepal,2006,99,7.03
Nepal,2007,98,6.96
Nepal,2008,91,8.9
Nepal,2009,85,9.6
Nepal,2010,83,9.9
Nauru,2000,3.7,271
Nauru,2001,2.8,252
Nauru,2002,4.7,276
Nauru,2003,2.8,322
Nauru,2004,5.1,291
Nauru,2005,11,302
Nauru,2006,12,315
Nauru,2007,2.9,412
Nauru,2008,4.8,431
Nauru,2009,3.8,408
Nauru,2010,2.8,489
New Zealand,2000,0.73,820
New Zealand,2001,0.36,804
New Zealand,2002,0.47,969
New Zealand,2003,0.75,1260
New Zealand,2004,0.8,1570
New Zealand,2005,0.55,1820
New Zealand,2006,0.57,1840
New Zealand,2007,0.41,2220
New Zealand,2008,0.4,2340
New Zealand,2009,0.4,2240
New Zealand,2010,0.41,2730
Oman,2000,1.1,216
Oman,2001,0.98,216
Oman,2002,0.91,232
Oman,2003,0.86,243
Oman,2004,0.76,254
Oman,2005,0.72,272
Oman,2006,0.7,278
Oman,2007,0.71,323
Oman,2008,0.65,366
Oman,2009,0.6,410
Oman,2010,0.58,460
Pakistan,2000,38,3.16
Pakistan,2001,36,2.67
Pakistan,2002,36,4.17
Pakistan,2003,35,3.65
Pakistan,2004,34,4.32
Pakistan,2005,32,4.81
Pakistan,2006,31,6.38
Pakistan,2007,30,6.92
Pakistan,2008,29,7.39
Pakistan,2009,28,6.99
Pakistan,2010,27,8.38
Panama,2000,7.8,208
Panama,2001,8,203
Panama,2002,7.4,222
Panama,2003,7.8,209
Panama,2004,7.1,254
Panama,2005,8.3,249
Panama,2006,7.3,246
Panama,2007,7.4,255
Panama,2008,8.3,341
Panama,2009,8.5,422
Panama,2010,7,463
Peru,2000,17,56.8
Peru,2001,15,55.8
Peru,2002,14,59.2
Peru,2003,13,60.4
Peru,2004,12,65.7
Peru,2005,12,76.3
Peru,2006,12,84.3
Peru,2007,11,113
Peru,2008,11,160
Peru,2009,9.9,136
Peru,2010,9.6,145
Philippines,2000,42,16
Philippines,2001,40,12.8
Philippines,2002,42,11.3
Philippines,2003,39,13.3
Philippines,2004,37,14
Philippines,2005,36,16.5
Philippines,2006,35,17.1
Philippines,2007,31,19.9
Philippines,2008,31,20.9
Philippines,2009,31,23.2
Philippines,2010,29,27.3
Palau,2000,5.3,532
Palau,2001,5.3,536
Palau,2002,5.3,514
Palau,2003,4.3,538
Palau,2004,2.4,633
Palau,2005,4.8,610
Palau,2006,5.8,662
Palau,2007,5.4,691
Palau,2008,7.6,651
Palau,2009,9.8,666
Palau,2010,10,657
Papua New Guinea,2000,116,21.2
Papua New Guinea,2001,103,20.9
Papua New Guinea,2002,115,19.2
Papua New Guinea,2003,106,19.9
Papua New Guinea,2004,109,24.9
Papua New Guinea,2005,112,24.6
Papua New Guinea,2006,114,23.7
Papua New Guinea,2007,102,23.1
Papua New Guinea,2008,109,30.1
Papua New Guinea,2009,117,30.9
Papua New Guinea,2010,111,35.4
Poland,2000,3.2,173
Poland,2001,3.1,210
Poland,2002,2.7,234
Poland,2003,2.8,248
Poland,2004,2.5,282
Poland,2005,2.4,343
Poland,2006,2.2,388
Poland,2007,2.2,508
Poland,2008,2.4,703
Poland,2009,2.2,600
Poland,2010,1.7,666
Portugal,2000,6.1,704
Portugal,2001,6,716
Portugal,2002,5.8,805
Portugal,2003,5.5,1030
Portugal,2004,5.3,1190
Portugal,2005,4.8,1260
Portugal,2006,4.2,1270
Portugal,2007,3.8,1440
Portugal,2008,3.4,1550
Portugal,2009,3.5,1600
Portugal,2010,2.8,1610
Paraguay,2000,4.7,49.5
Paraguay,2001,4.2,37.3
Paraguay,2002,4.2,26
Paraguay,2003,4.4,23.2
Paraguay,2004,5.1,27.8
Paraguay,2005,5.2,31.2
Paraguay,2006,4.8,41.6
Paraguay,2007,3.7,49.2
Paraguay,2008,4.5,66.3
Paraguay,2009,3.9,57.4
Paraguay,2010,4.2,59.3
Qatar,2000,1,473
Qatar,2001,0.89,554
Qatar,2002,0.67,632
Qatar,2003,0.48,1260
Qatar,2004,0.42,1350
Qatar,2005,0.37,1380
Qatar,2006,0.33,1350
Qatar,2007,0.32,1320
Qatar,2008,0.34,1300
Qatar,2009,0.29,1260
Qatar,2010,0.28,1150
Romania,2000,10,58.6
Romania,2001,11,64.2
Romania,2002,11,79.6
Romania,2003,11,124
Romania,2004,10,143
Romania,2005,8.9,204
Romania,2006,8.7,231
Romania,2007,8.3,342
Romania,2008,8.4,424
Romania,2009,8,341
Romania,2010,7.7,334
Russia,2000,22,57.5
Russia,2001,21,69.8
Russia,2002,23,83.7
Russia,2003,23,98
Russia,2004,23,127
Russia,2005,24,172
Russia,2006,21,231
Russia,2007,20,313
Russia,2008,19,361
Russia,2009,18,302
Russia,2010,17,326
Rwanda,2000,16,3.54
Rwanda,2001,13,4.22
Rwanda,2002,14,4.21
Rwanda,2003,15,6.97
Rwanda,2004,14,7.73
Rwanda,2005,17,10.3
Rwanda,2006,17,16.5
Rwanda,2007,16,17.2
Rwanda,2008,15,20.9
Rwanda,2009,14,25.1
Rwanda,2010,12,27.8
Saudi Arabia,2000,5.1,287
Saudi Arabia,2001,5,288
Saudi Arabia,2002,4.9,272
Saudi Arabia,2003,4.9,278
Saudi Arabia,2004,4.7,286
Saudi Arabia,2005,4.5,339
Saudi Arabia,2006,4.3,401
Saudi Arabia,2007,4.1,409
Saudi Arabia,2008,4,375
Saudi Arabia,2009,3.8,380
Saudi Arabia,2010,3.6,427
Sudan,2000,35,3.32
Sudan,2001,33,3.72
Sudan,2002,33,4.22
Sudan,2003,32,5.54
Sudan,2004,33,7.59
Sudan,2005,34,9.77
Sudan,2006,33,14.9
Sudan,2007,36,23.1
Sudan,2008,27,32
Sudan,2009,29,25.9
Sudan,2010,28,25
Senegal,2000,35,7.85
Senegal,2001,35,8.4
Senegal,2002,35,10.4
Senegal,2003,30,13.9
Senegal,2004,31,16.2
Senegal,2005,28,23.9
Senegal,2006,27,28
Senegal,2007,27,31.7
Senegal,2008,24,35.5
Senegal,2009,24,32.5
Senegal,2010,24,32.5
Singapore,2000,3.7,298
Singapore,2001,3.4,273
Singapore,2002,3,241
Singapore,2003,2.7,320
Singapore,2004,2.4,283
Singapore,2005,2.1,302
Singapore,2006,1.9,323
Singapore,2007,2.3,367
Singapore,2008,2.2,458
Singapore,2009,1.9,553
Singapore,2010,2,629
Solomon Islands,2000,10,45.8
Solomon Islands,2001,9.5,58.7
Solomon Islands,2002,8.1,46
Solomon Islands,2003,9,42.2
Solomon Islands,2004,10,42.6
Solomon Islands,2005,12,68
Solomon Islands,2006,11,59
Solomon Islands,2007,11,63.9
Solomon Islands,2008,11,65.8
Solomon Islands,2009,9.8,95.5
Solomon Islands,2010,8.8,99.6
Sierra Leone,2000,120,3.18
Sierra Leone,2001,112,4
Sierra Leone,2002,113,4.48
Sierra Leone,2003,111,4.73
Sierra Leone,2004,110,3.2
Sierra Leone,2005,96,4.38
Sierra Leone,2006,98,4.01
Sierra Leone,2007,81,2.82
Sierra Leone,2008,73,4.58
Sierra Leone,2009,70,4.75
Sierra Leone,2010,61,4.82
El Salvador,2000,2.8,79.8
El Salvador,2001,2.4,82.3
El Salvador,2002,2.4,85.5
El Salvador,2003,1.9,86.5
El Salvador,2004,2.2,93.4
El Salvador,2005,2.5,106
El Salvador,2006,1.8,126
El Salvador,2007,2.6,122
El Salvador,2008,2.2,128
El Salvador,2009,2.1,137
El Salvador,2010,2.3,146
San Marino,2000,0,1860
San Marino,2001,0,1880
San Marino,2002,0,2580
San Marino,2003,0,2430
San Marino,2004,0,2910
San Marino,2005,0,2910
San Marino,2006,0,2940
San Marino,2007,0,3310
San Marino,2008,0,3600
San Marino,2009,0,3290
San Marino,2010,0,3120
Somalia,2000,95,3.04
Somalia,2001,92,1.72
Serbia,2005,3.1,203
Serbia,2006,2.5,234
Serbia,2007,2.8,336
Serbia,2008,2.1,417
Serbia,2009,2,357
Serbia,2010,1.9,338
Sao Tome and Principe,2000,24,19.6
Sao Tome and Principe,2001,24,19.1
Sao Tome and Principe,2002,22,21.4
Sao Tome and Principe,2003,26,39.9
Sao Tome and Principe,2004,28,37
Sao Tome and Principe,2005,31,43.3
Sao Tome and Principe,2006,33,32.3
Sao Tome and Principe,2007,21,33
Sao Tome and Principe,2008,15,35.6
Sao Tome and Principe,2009,17,37.3
Sao Tome and Principe,2010,26,34.5
Suriname,2000,2.3,74
Suriname,2001,3.1,62.6
Suriname,2002,2.4,79.9
Suriname,2003,3.9,87.7
Suriname,2004,2.7,100
Suriname,2005,3,125
Suriname,2006,3,165
Suriname,2007,3.2,171
Suriname,2008,4.8,186
Suriname,2009,5.9,238
Suriname,2010,7,235
Slovak Republic,2000,1,186
Slovak Republic,2001,1.1,193
Slovak Republic,2002,1.2,228
Slovak Republic,2003,1.3,318
Slovak Republic,2004,0.98,417
Slovak Republic,2005,0.88,466
Slovak Republic,2006,0.88,520
Slovak Republic,2007,0.66,720
Slovak Republic,2008,0.79,948
Slovak Republic,2009,0.79,968
Slovak Republic,2010,0.66,930
Slovenia,2000,1.1,614
Slovenia,2001,1.4,646
Slovenia,2002,1.2,734
Slovenia,2003,1.5,904
Slovenia,2004,0.66,1030
Slovenia,2005,0.96,1080
Slovenia,2006,0.94,1160
Slovenia,2007,1.5,1320
Slovenia,2008,1.8,1660
Slovenia,2009,1.2,1640
Slovenia,2010,1,1590
Sweden,2000,0.84,1940
Sweden,2001,1,1840
Sweden,2002,1.2,2110
Sweden,2003,0.7,2680
Sweden,2004,0.59,2980
Sweden,2005,0.7,3020
Sweden,2006,0.76,3190
Sweden,2007,0.72,3670
Sweden,2008,0.73,3970
Sweden,2009,0.69,3540
Sweden,2010,0.41,3820
Eswatini,2000,301,42.4
Eswatini,2001,313,36.6
Eswatini,2002,345,34.5
Eswatini,2003,397,63.6
Eswatini,2004,414,68.9
Eswatini,2005,447,82
Eswatini,2006,463,97.6
Eswatini,2007,475,97.9
Eswatini,2008,469,104
Eswatini,2009,533,112
Eswatini,2010,270,129
Seychelles,2000,2.6,311
Seychelles,2001,2.6,309
Seychelles,2002,4.6,330
Seychelles,2003,0,373
Seychelles,2004,0,401
Seychelles,2005,2.2,411
Seychelles,2006,1.1,428
Seychelles,2007,1.2,381
Seychelles,2008,2.3,332
Seychelles,2009,4.3,280
Seychelles,2010,0.23,339
Syria,2000,0.49,23.9
Syria,2001,0.52,25.5
Syria,2002,0.44,26.2
Syria,2003,0.39,29.1
Syria,2004,0.29,29.1
Syria,2005,0.36,31.6
Syria,2006,0.34,32.2
Syria,2007,0.24,38.9
Syria,2008,0.26,41.8
Syria,2009,0.26,43.9
Syria,2010,0.14,44.4
Chad,2000,53,4.49
Chad,2001,52,4.81
Chad,2002,51,5.59
Chad,2003,54,8.09
Chad,2004,53,8.45
Chad,2005,47,10.5
Chad,2006,49,7.83
Chad,2007,51,6.6
Chad,2008,47,6.04
Chad,2009,42,5.61
Chad,2010,38,7.65
Togo,2000,15,4.08
Togo,2001,14,3.33
Togo,2002,15,2.64
Togo,2003,16,4.66
Togo,2004,16,6.16
Togo,2005,16,7.41
Togo,2006,17,8.99
Togo,2007,22,9.62
Togo,2008,18,13.2
Togo,2009,17,17.6
Togo,2010,19,18
Thailand,2000,65,37
Thailand,2001,55,33.8
Thailand,2002,52,46.1
Thailand,2003,47,49.9
Thailand,2004,43,55.7
Thailand,2005,40,60.4
Thailand,2006,33,78.2
Thailand,2007,32,99.1
Thailand,2008,30,121
Thailand,2009,27,119
Thailand,2010,24,134
Tajikistan,2000,15,1.32
Tajikistan,2001,15,1.65
Tajikistan,2002,15,1.76
Tajikistan,2003,14,2.23
Tajikistan,2004,14,3.06
Tajikistan,2005,14,4.1
Tajikistan,2006,13,4.9
Tajikistan,2007,13,6.67
Tajikistan,2008,12,10.6
Tajikistan,2009,12,10.8
Tajikistan,2010,12,13.1
Turkmenistan,2000,28,35.9
Turkmenistan,2001,29,42.9
Turkmenistan,2002,22,46
Turkmenistan,2003,24,66.6
Turkmenistan,2004,23,73.2
Turkmenistan,2005,24,73.1
Turkmenistan,2006,22,68.9
Turkmenistan,2007,22,74.2
Turkmenistan,2008,20,41.1
Turkmenistan,2009,19,54.7
Turkmenistan,2010,20,63
Timor-Leste,2002,95,24.4
Timor-Leste,2003,80,26.1
Timor-Leste,2004,62,28.1
Timor-Leste,2005,64,39.4
Timor-Leste,2006,74,44.2
Timor-Leste,2007,88,43
Timor-Leste,2008,90,44.4
Timor-Leste,2009,38,42.6
Timor-Leste,2010,48,31.7
Tonga,2000,2.3,64.5
Tonga,2001,1.2,72.6
Tonga,2002,2.8,69.9
Tonga,2003,1.5,88.1
Tonga,2004,1.1,95.3
Tonga,2005,1.7,146
Tonga,2006,1.7,138
Tonga,2007,2.1,174
Tonga,2008,1.2,176
Tonga,2009,0.73,115
Tonga,2010,1,140
Trinidad and Tobago,2000,3.6,106
Trinidad and Tobago,2001,2.8,133
Trinidad and Tobago,2002,2.8,168
Trinidad and Tobago,2003,2.6,208
Trinidad and Tobago,2004,2.8,233
Trinidad and Tobago,2005,2.5,364
Trinidad and Tobago,2006,3.7,371
Trinidad and Tobago,2007,2.5,387
Trinidad and Tobago,2008,2.7,444
Trinidad and Tobago,2009,3,514
Trinidad and Tobago,2010,2.5,516
Tunisia,2000,1.7,67.2
Tunisia,2001,1.7,65.5
Tunisia,2002,1.7,67.3
Tunisia,2003,1.7,80
Tunisia,2004,1.7,92.5
Tunisia,2005,1.7,93.3
Tunisia,2006,1.7,101
Tunisia,2007,1.6,113
Tunisia,2008,1.6,133
Tunisia,2009,1.6,133
Tunisia,2010,1.6,129
Turkey,2000,2.5,129
Turkey,2001,2.1,105
Turkey,2002,1.8,133
Turkey,2003,1.5,174
Turkey,2004,0.84,221
Turkey,2005,1.3,259
Turkey,2006,0.91,301
Turkey,2007,0.96,375
Turkey,2008,1.1,455
Turkey,2009,1.4,432
Turkey,2010,1.2,510
Tuvalu,2000,16,231
Tuvalu,2001,16,245
Tuvalu,2002,13,238
Tuvalu,2003,30,410
Tuvalu,2004,15,370
Tuvalu,2005,11,402
Tuvalu,2006,8.4,447
Tuvalu,2007,17,475
Tuvalu,2008,16,623
Tuvalu,2009,16,402
Tuvalu,2010,13,568
Tanzania,2000,224,4.38
Tanzania,2001,211,4.77
Tanzania,2002,212,4.61
Tanzania,2003,207,5.88
Tanzania,2004,212,5.18
Tanzania,2005,218,6.87
Tanzania,2006,221,13.8
Tanzania,2007,214,15
Tanzania,2008,204,16.5
Tanzania,2009,192,17.9
Tanzania,2010,169,20.8
Uganda,2000,104,4.19
Uganda,2001,81,4.64
Uganda,2002,68,5.2
Uganda,2003,60,5.28
Uganda,2004,56,5.92
Uganda,2005,61,7.26
Uganda,2006,61,7.02
Uganda,2007,60,7.33
Uganda,2008,59,7.79
Uganda,2009,58,9.59
Uganda,2010,56,10.2
Ukraine,2000,29,18.5
Ukraine,2001,29,24.1
Ukraine,2002,26,31
Ukraine,2003,25,42.5
Ukraine,2004,27,53.1
Ukraine,2005,31,70
Ukraine,2006,28,89.8
Ukraine,2007,27,121
Ukraine,2008,27,150
Ukraine,2009,23,110
Ukraine,2010,23,133
Uruguay,2000,3,422
Uruguay,2001,2.8,380
Uruguay,2002,2.2,239
Uruguay,2003,2.8,178
Uruguay,2004,3.4,172
Uruguay,2005,2.4,219
Uruguay,2006,1.8,262
Uruguay,2007,3,307
Uruguay,2008,2.1,460
Uruguay,2009,2.6,514
Uruguay,2010,2.1,669
USA,2000,0.62,2030
USA,2001,0.58,2230
USA,2002,0.54,2410
USA,2003,0.48,2610
USA,2004,0.43,2790
USA,2005,0.39,2950
USA,2006,0.36,3170
USA,2007,0.31,3360
USA,2008,0.3,3550
USA,2009,0.27,3800
USA,2010,0.26,4440
Uzbekistan,2000,19,14
Uzbekistan,2001,19,11.8
Uzbekistan,2002,19,9.26
Uzbekistan,2003,18,9.46
Uzbekistan,2004,16,10.6
Uzbekistan,2005,15,12.6
Uzbekistan,2006,14,15.9
Uzbekistan,2007,13,19.3
Uzbekistan,2008,12,26.3
Uzbekistan,2009,11,33.1
Uzbekistan,2010,10,39.1
St. Vincent and the Grenadines,2000,3.2,113
St. Vincent and the Grenadines,2001,2,118
St. Vincent and the Grenadines,2002,0.96,138
St. Vincent and the Grenadines,2003,5.6,143
St. Vincent and the Grenadines,2004,3.6,145
St. Vincent and the Grenadines,2005,1.1,150
St. Vincent and the Grenadines,2006,3.4,179
St. Vincent and the Grenadines,2007,4.2,202
St. Vincent and the Grenadines,2008,1.8,251
St. Vincent and the Grenadines,2009,2.2,241
St. Vincent and the Grenadines,2010,5.7,240
Venezuela,2000,4.4,114
Venezuela,2001,4.7,120
Venezuela,2002,4.3,81.7
Venezuela,2003,4.5,72.5
Venezuela,2004,4.3,99
Venezuela,2005,3.8,128
Venezuela,2006,3.6,162
Venezuela,2007,3.4,222
Venezuela,2008,3.1,269
Venezuela,2009,2.7,276
Venezuela,2010,3,232
Vietnam,2000,41,6.47
Vietnam,2001,39,7.21
Vietnam,2002,39,6.83
Vietnam,2003,39,8.15
Vietnam,2004,36,8.37
Vietnam,2005,37,9.84
Vietnam,2006,35,15.3
Vietnam,2007,30,23.4
Vietnam,2008,27,23.8
Vietnam,2009,27,28.9
Vietnam,2010,25,31.4
Vanuatu,2000,14,40.2
Vanuatu,2001,16,38
Vanuatu,2002,8.9,39.3
Vanuatu,2003,8.7,43.4
Vanuatu,2004,14,45.8
Vanuatu,2005,21,44.4
Vanuatu,2006,10,50.8
Vanuatu,2007,11,77.5
Vanuatu,2008,14,98
Vanuatu,2009,11,110
Vanuatu,2010,14,143
Samoa,2000,2.3,60.6
Samoa,2001,1.2,58.3
Samoa,2002,1.7,65.4
Samoa,2003,1.4,73.5
Samoa,2004,1.8,86.5
Samoa,2005,1.3,92.7
Samoa,2006,1.3,110
Samoa,2007,1.1,142
Samoa,2008,0.62,144
Samoa,2009,0.82,132
Samoa,2010,0.71,179
Yemen,2000,19,13.6
Yemen,2001,18,14.3
Yemen,2002,19,14.2
Yemen,2003,19,16.6
Yemen,2004,17,14.5
Yemen,2005,16,14.3
Yemen,2006,15,16.3
Yemen,2007,13,17.1
Yemen,2008,11,21.1
Yemen,2009,8.7,16.8
Yemen,2010,6.9,15.3
South Africa,2000,317,102
South Africa,2001,376,90.5
South Africa,2002,358,81.5
South Africa,2003,398,126
South Africa,2004,400,151
South Africa,2005,440,175
South Africa,2006,427,184
South Africa,2007,422,202
South Africa,2008,392,203
South Africa,2009,371,228
South Africa,2010,360,286
Zambia,2000,228,9.23
Zambia,2001,229,11.7
Zambia,2002,167,14.7
Zambia,2003,134,16.2
Zambia,2004,139,18.4
Zambia,2005,150,24.1
Zambia,2006,150,35
Zambia,2007,148,31.1
Zambia,2008,152,43.2
Zambia,2009,138,36.7
Zambia,2010,132,43.9
Zimbabwe,2000,149,31.5
Zimbabwe,2001,129,25.4
